,FILE NAME,OFFSET,DURATION,SCIENTIFIC,COMMON
0,XC10429 - Little Tinamou - Crypturellus soui.mp3,22.046511627906977,5,Crypturellus soui,Little Tinamou
1,XC10429 - Little Tinamou - Crypturellus soui.mp3,18.930232558139537,5,Crypturellus soui,Little Tinamou
2,XC10429 - Little Tinamou - Crypturellus soui.mp3,21.430232558139537,5,Crypturellus soui,Little Tinamou
3,XC10429 - Little Tinamou - Crypturellus soui.mp3,22.302325581395348,5,Crypturellus soui,Little Tinamou
4,XC110633 - Southern Mealy Amazon - Amazona farinosa.mp3,0.3255813953488372,5,Amazona farinosa,Mealy Parrot
5,XC110633 - Southern Mealy Amazon - Amazona farinosa.mp3,2.7674418604651163,5,Amazona farinosa,Mealy Parrot
6,XC110633 - Southern Mealy Amazon - Amazona farinosa.mp3,2.383720930232558,5,Amazona farinosa,Mealy Parrot
7,XC110633 - Southern Mealy Amazon - Amazona farinosa.mp3,4.906976744186046,5,Amazona farinosa,Mealy Parrot
8,XC110633 - Southern Mealy Amazon - Amazona farinosa.mp3,0.5116279069767442,5,Amazona farinosa,Mealy Parrot
9,XC110633 - Southern Mealy Amazon - Amazona farinosa.mp3,3.011627906976744,5,Amazona farinosa,Mealy Parrot
10,XC110633 - Southern Mealy Amazon - Amazona farinosa.mp3,5.976744186046512,5,Amazona farinosa,Mealy Parrot
11,XC110633 - Southern Mealy Amazon - Amazona farinosa.mp3,1.558139534883721,5,Amazona farinosa,Mealy Parrot
12,XC110633 - Southern Mealy Amazon - Amazona farinosa.mp3,4.058139534883721,5,Amazona farinosa,Mealy Parrot
13,XC110633 - Southern Mealy Amazon - Amazona farinosa.mp3,6.883720930232558,5,Amazona farinosa,Mealy Parrot
14,XC110633 - Southern Mealy Amazon - Amazona farinosa.mp3,3.0,5,Amazona farinosa,Mealy Parrot
15,XC110633 - Southern Mealy Amazon - Amazona farinosa.mp3,5.5,5,Amazona farinosa,Mealy Parrot
16,XC110633 - Southern Mealy Amazon - Amazona farinosa.mp3,8.093023255813954,5,Amazona farinosa,Mealy Parrot
17,XC110633 - Southern Mealy Amazon - Amazona farinosa.mp3,4.0,5,Amazona farinosa,Mealy Parrot
18,XC110633 - Southern Mealy Amazon - Amazona farinosa.mp3,6.5,5,Amazona farinosa,Mealy Parrot
19,XC110633 - Southern Mealy Amazon - Amazona farinosa.mp3,9.27906976744186,5,Amazona farinosa,Mealy Parrot
20,XC110633 - Southern Mealy Amazon - Amazona farinosa.mp3,4.813953488372091,5,Amazona farinosa,Mealy Parrot
21,XC110633 - Southern Mealy Amazon - Amazona farinosa.mp3,7.313953488372091,5,Amazona farinosa,Mealy Parrot
22,XC110633 - Southern Mealy Amazon - Amazona farinosa.mp3,9.976744186046512,5,Amazona farinosa,Mealy Parrot
23,XC110633 - Southern Mealy Amazon - Amazona farinosa.mp3,5.627906976744185,5,Amazona farinosa,Mealy Parrot
24,XC110633 - Southern Mealy Amazon - Amazona farinosa.mp3,8.127906976744185,5,Amazona farinosa,Mealy Parrot
25,XC110633 - Southern Mealy Amazon - Amazona farinosa.mp3,10.627906976744184,5,Amazona farinosa,Mealy Parrot
26,XC110633 - Southern Mealy Amazon - Amazona farinosa.mp3,7.511627906976743,5,Amazona farinosa,Mealy Parrot
27,XC110633 - Southern Mealy Amazon - Amazona farinosa.mp3,10.011627906976743,5,Amazona farinosa,Mealy Parrot
28,XC110633 - Southern Mealy Amazon - Amazona farinosa.mp3,17.97674418604651,5,Amazona farinosa,Mealy Parrot
29,XC110633 - Southern Mealy Amazon - Amazona farinosa.mp3,13.953488372093023,5,Amazona farinosa,Mealy Parrot
30,XC110633 - Southern Mealy Amazon - Amazona farinosa.mp3,16.453488372093023,5,Amazona farinosa,Mealy Parrot
31,XC110633 - Southern Mealy Amazon - Amazona farinosa.mp3,25.79069767441861,5,Amazona farinosa,Mealy Parrot
32,XC110633 - Southern Mealy Amazon - Amazona farinosa.mp3,21.348837209302328,5,Amazona farinosa,Mealy Parrot
33,XC110633 - Southern Mealy Amazon - Amazona farinosa.mp3,23.848837209302328,5,Amazona farinosa,Mealy Parrot
34,XC110633 - Southern Mealy Amazon - Amazona farinosa.mp3,27.97674418604651,5,Amazona farinosa,Mealy Parrot
35,XC110633 - Southern Mealy Amazon - Amazona farinosa.mp3,23.55813953488372,5,Amazona farinosa,Mealy Parrot
36,XC110633 - Southern Mealy Amazon - Amazona farinosa.mp3,26.05813953488372,5,Amazona farinosa,Mealy Parrot
37,XC110633 - Southern Mealy Amazon - Amazona farinosa.mp3,39.97674418604651,5,Amazona farinosa,Mealy Parrot
38,XC110633 - Southern Mealy Amazon - Amazona farinosa.mp3,36.11627906976744,5,Amazona farinosa,Mealy Parrot
39,XC110633 - Southern Mealy Amazon - Amazona farinosa.mp3,38.61627906976744,5,Amazona farinosa,Mealy Parrot
40,XC110633 - Southern Mealy Amazon - Amazona farinosa.mp3,37.86046511627907,5,Amazona farinosa,Mealy Parrot
41,XC110633 - Southern Mealy Amazon - Amazona farinosa.mp3,40.36046511627907,5,Amazona farinosa,Mealy Parrot
42,XC110633 - Southern Mealy Amazon - Amazona farinosa.mp3,40.27906976744186,5,Amazona farinosa,Mealy Parrot
43,XC157662 - Grey-cowled Wood Rail - Aramides cajaneus cajaneus.mp3,0.627906976744186,5,Aramides cajaneus,Gray-cowled Wood-Rail
44,XC157662 - Grey-cowled Wood Rail - Aramides cajaneus cajaneus.mp3,1.3953488372093024,5,Aramides cajaneus,Gray-cowled Wood-Rail
45,XC157662 - Grey-cowled Wood Rail - Aramides cajaneus cajaneus.mp3,1.976744186046512,5,Aramides cajaneus,Gray-cowled Wood-Rail
46,XC157662 - Grey-cowled Wood Rail - Aramides cajaneus cajaneus.mp3,3.0,5,Aramides cajaneus,Gray-cowled Wood-Rail
47,XC157662 - Grey-cowled Wood Rail - Aramides cajaneus cajaneus.mp3,1.244186046511628,5,Aramides cajaneus,Gray-cowled Wood-Rail
48,XC157662 - Grey-cowled Wood Rail - Aramides cajaneus cajaneus.mp3,3.976744186046512,5,Aramides cajaneus,Gray-cowled Wood-Rail
49,XC157662 - Grey-cowled Wood Rail - Aramides cajaneus cajaneus.mp3,1.0,5,Aramides cajaneus,Gray-cowled Wood-Rail
50,XC157662 - Grey-cowled Wood Rail - Aramides cajaneus cajaneus.mp3,3.5,5,Aramides cajaneus,Gray-cowled Wood-Rail
51,XC157662 - Grey-cowled Wood Rail - Aramides cajaneus cajaneus.mp3,7.046511627906977,5,Aramides cajaneus,Gray-cowled Wood-Rail
52,XC157662 - Grey-cowled Wood Rail - Aramides cajaneus cajaneus.mp3,3.0,5,Aramides cajaneus,Gray-cowled Wood-Rail
53,XC157662 - Grey-cowled Wood Rail - Aramides cajaneus cajaneus.mp3,5.5,5,Aramides cajaneus,Gray-cowled Wood-Rail
54,XC157662 - Grey-cowled Wood Rail - Aramides cajaneus cajaneus.mp3,8.418604651162791,5,Aramides cajaneus,Gray-cowled Wood-Rail
55,XC157662 - Grey-cowled Wood Rail - Aramides cajaneus cajaneus.mp3,3.837209302325581,5,Aramides cajaneus,Gray-cowled Wood-Rail
56,XC157662 - Grey-cowled Wood Rail - Aramides cajaneus cajaneus.mp3,6.337209302325581,5,Aramides cajaneus,Gray-cowled Wood-Rail
57,XC157662 - Grey-cowled Wood Rail - Aramides cajaneus cajaneus.mp3,9.046511627906977,5,Aramides cajaneus,Gray-cowled Wood-Rail
58,XC157662 - Grey-cowled Wood Rail - Aramides cajaneus cajaneus.mp3,5.0,5,Aramides cajaneus,Gray-cowled Wood-Rail
59,XC157662 - Grey-cowled Wood Rail - Aramides cajaneus cajaneus.mp3,7.5,5,Aramides cajaneus,Gray-cowled Wood-Rail
60,XC157662 - Grey-cowled Wood Rail - Aramides cajaneus cajaneus.mp3,10.209302325581396,5,Aramides cajaneus,Gray-cowled Wood-Rail
61,XC157662 - Grey-cowled Wood Rail - Aramides cajaneus cajaneus.mp3,6.1395348837209305,5,Aramides cajaneus,Gray-cowled Wood-Rail
62,XC157662 - Grey-cowled Wood Rail - Aramides cajaneus cajaneus.mp3,8.63953488372093,5,Aramides cajaneus,Gray-cowled Wood-Rail
63,XC157662 - Grey-cowled Wood Rail - Aramides cajaneus cajaneus.mp3,11.232558139534884,5,Aramides cajaneus,Gray-cowled Wood-Rail
64,XC157662 - Grey-cowled Wood Rail - Aramides cajaneus cajaneus.mp3,6.674418604651162,5,Aramides cajaneus,Gray-cowled Wood-Rail
65,XC157662 - Grey-cowled Wood Rail - Aramides cajaneus cajaneus.mp3,9.174418604651162,5,Aramides cajaneus,Gray-cowled Wood-Rail
66,XC157662 - Grey-cowled Wood Rail - Aramides cajaneus cajaneus.mp3,11.883720930232558,5,Aramides cajaneus,Gray-cowled Wood-Rail
67,XC157662 - Grey-cowled Wood Rail - Aramides cajaneus cajaneus.mp3,7.325581395348838,5,Aramides cajaneus,Gray-cowled Wood-Rail
68,XC157662 - Grey-cowled Wood Rail - Aramides cajaneus cajaneus.mp3,9.825581395348838,5,Aramides cajaneus,Gray-cowled Wood-Rail
69,XC157662 - Grey-cowled Wood Rail - Aramides cajaneus cajaneus.mp3,12.395348837209305,5,Aramides cajaneus,Gray-cowled Wood-Rail
70,XC157662 - Grey-cowled Wood Rail - Aramides cajaneus cajaneus.mp3,9.02325581395349,5,Aramides cajaneus,Gray-cowled Wood-Rail
71,XC157662 - Grey-cowled Wood Rail - Aramides cajaneus cajaneus.mp3,11.52325581395349,5,Aramides cajaneus,Gray-cowled Wood-Rail
72,XC157662 - Grey-cowled Wood Rail - Aramides cajaneus cajaneus.mp3,14.023255813953488,5,Aramides cajaneus,Gray-cowled Wood-Rail
73,XC157662 - Grey-cowled Wood Rail - Aramides cajaneus cajaneus.mp3,9.465116279069768,5,Aramides cajaneus,Gray-cowled Wood-Rail
74,XC157662 - Grey-cowled Wood Rail - Aramides cajaneus cajaneus.mp3,11.965116279069768,5,Aramides cajaneus,Gray-cowled Wood-Rail
75,XC157662 - Grey-cowled Wood Rail - Aramides cajaneus cajaneus.mp3,14.674418604651162,5,Aramides cajaneus,Gray-cowled Wood-Rail
76,XC157662 - Grey-cowled Wood Rail - Aramides cajaneus cajaneus.mp3,10.093023255813954,5,Aramides cajaneus,Gray-cowled Wood-Rail
77,XC157662 - Grey-cowled Wood Rail - Aramides cajaneus cajaneus.mp3,12.593023255813954,5,Aramides cajaneus,Gray-cowled Wood-Rail
78,XC218948 - Grey-cowled Wood Rail - Aramides cajaneus.mp3,0.1860465116279069,5,Aramides cajaneus,Gray-cowled Wood-Rail
79,XC218948 - Grey-cowled Wood Rail - Aramides cajaneus.mp3,1.4302325581395348,5,Aramides cajaneus,Gray-cowled Wood-Rail
80,XC218948 - Grey-cowled Wood Rail - Aramides cajaneus.mp3,4.930232558139535,5,Aramides cajaneus,Gray-cowled Wood-Rail
81,XC218948 - Grey-cowled Wood Rail - Aramides cajaneus.mp3,0.558139534883721,5,Aramides cajaneus,Gray-cowled Wood-Rail
82,XC218948 - Grey-cowled Wood Rail - Aramides cajaneus.mp3,3.058139534883721,5,Aramides cajaneus,Gray-cowled Wood-Rail
83,XC218948 - Grey-cowled Wood Rail - Aramides cajaneus.mp3,5.813953488372093,5,Aramides cajaneus,Gray-cowled Wood-Rail
84,XC218948 - Grey-cowled Wood Rail - Aramides cajaneus.mp3,3.930232558139535,5,Aramides cajaneus,Gray-cowled Wood-Rail
85,XC218948 - Grey-cowled Wood Rail - Aramides cajaneus.mp3,6.430232558139535,5,Aramides cajaneus,Gray-cowled Wood-Rail
86,XC218948 - Grey-cowled Wood Rail - Aramides cajaneus.mp3,9.86046511627907,5,Aramides cajaneus,Gray-cowled Wood-Rail
87,XC218948 - Grey-cowled Wood Rail - Aramides cajaneus.mp3,5.279069767441861,5,Aramides cajaneus,Gray-cowled Wood-Rail
88,XC218948 - Grey-cowled Wood Rail - Aramides cajaneus.mp3,7.779069767441861,5,Aramides cajaneus,Gray-cowled Wood-Rail
89,XC218948 - Grey-cowled Wood Rail - Aramides cajaneus.mp3,15.790697674418604,5,Aramides cajaneus,Gray-cowled Wood-Rail
90,XC218948 - Grey-cowled Wood Rail - Aramides cajaneus.mp3,11.837209302325585,5,Aramides cajaneus,Gray-cowled Wood-Rail
91,XC218948 - Grey-cowled Wood Rail - Aramides cajaneus.mp3,14.337209302325585,5,Aramides cajaneus,Gray-cowled Wood-Rail
92,XC218948 - Grey-cowled Wood Rail - Aramides cajaneus.mp3,17.162790697674417,5,Aramides cajaneus,Gray-cowled Wood-Rail
93,XC218948 - Grey-cowled Wood Rail - Aramides cajaneus.mp3,14.651162790697676,5,Aramides cajaneus,Gray-cowled Wood-Rail
94,XC218948 - Grey-cowled Wood Rail - Aramides cajaneus.mp3,17.151162790697676,5,Aramides cajaneus,Gray-cowled Wood-Rail
95,XC218949 - Grey-cowled Wood Rail - Aramides cajaneus.mp3,0.0,5,Aramides cajaneus,Gray-cowled Wood-Rail
96,XC218949 - Grey-cowled Wood Rail - Aramides cajaneus.mp3,5.976744186046512,5,Aramides cajaneus,Gray-cowled Wood-Rail
97,XC218949 - Grey-cowled Wood Rail - Aramides cajaneus.mp3,3.0,5,Aramides cajaneus,Gray-cowled Wood-Rail
98,XC218949 - Grey-cowled Wood Rail - Aramides cajaneus.mp3,5.5,5,Aramides cajaneus,Gray-cowled Wood-Rail
99,XC218949 - Grey-cowled Wood Rail - Aramides cajaneus.mp3,11.976744186046512,5,Aramides cajaneus,Gray-cowled Wood-Rail
100,XC218949 - Grey-cowled Wood Rail - Aramides cajaneus.mp3,8.023255813953488,5,Aramides cajaneus,Gray-cowled Wood-Rail
101,XC218949 - Grey-cowled Wood Rail - Aramides cajaneus.mp3,10.523255813953488,5,Aramides cajaneus,Gray-cowled Wood-Rail
102,XC218949 - Grey-cowled Wood Rail - Aramides cajaneus.mp3,14.046511627906977,5,Aramides cajaneus,Gray-cowled Wood-Rail
103,XC218949 - Grey-cowled Wood Rail - Aramides cajaneus.mp3,11.0,5,Aramides cajaneus,Gray-cowled Wood-Rail
104,XC218949 - Grey-cowled Wood Rail - Aramides cajaneus.mp3,13.5,5,Aramides cajaneus,Gray-cowled Wood-Rail
105,XC218949 - Grey-cowled Wood Rail - Aramides cajaneus.mp3,16.186046511627907,5,Aramides cajaneus,Gray-cowled Wood-Rail
106,XC218949 - Grey-cowled Wood Rail - Aramides cajaneus.mp3,12.0,5,Aramides cajaneus,Gray-cowled Wood-Rail
107,XC218949 - Grey-cowled Wood Rail - Aramides cajaneus.mp3,14.5,5,Aramides cajaneus,Gray-cowled Wood-Rail
108,XC218949 - Grey-cowled Wood Rail - Aramides cajaneus.mp3,18.232558139534884,5,Aramides cajaneus,Gray-cowled Wood-Rail
109,XC218949 - Grey-cowled Wood Rail - Aramides cajaneus.mp3,14.302325581395348,5,Aramides cajaneus,Gray-cowled Wood-Rail
110,XC218949 - Grey-cowled Wood Rail - Aramides cajaneus.mp3,16.802325581395348,5,Aramides cajaneus,Gray-cowled Wood-Rail
111,XC218949 - Grey-cowled Wood Rail - Aramides cajaneus.mp3,31.186046511627907,5,Aramides cajaneus,Gray-cowled Wood-Rail
112,XC218949 - Grey-cowled Wood Rail - Aramides cajaneus.mp3,28.2093023255814,5,Aramides cajaneus,Gray-cowled Wood-Rail
113,XC218949 - Grey-cowled Wood Rail - Aramides cajaneus.mp3,30.7093023255814,5,Aramides cajaneus,Gray-cowled Wood-Rail
114,XC218949 - Grey-cowled Wood Rail - Aramides cajaneus.mp3,33.348837209302324,5,Aramides cajaneus,Gray-cowled Wood-Rail
115,XC218949 - Grey-cowled Wood Rail - Aramides cajaneus.mp3,29.0,5,Aramides cajaneus,Gray-cowled Wood-Rail
116,XC218949 - Grey-cowled Wood Rail - Aramides cajaneus.mp3,31.5,5,Aramides cajaneus,Gray-cowled Wood-Rail
117,XC221892 - Little Tinamou - Crypturellus soui.mp3,13.348837209302326,5,Crypturellus soui,Little Tinamou
118,XC221892 - Little Tinamou - Crypturellus soui.mp3,10.069767441860463,5,Crypturellus soui,Little Tinamou
119,XC221892 - Little Tinamou - Crypturellus soui.mp3,12.569767441860463,5,Crypturellus soui,Little Tinamou
120,XC221892 - Little Tinamou - Crypturellus soui.mp3,17.97674418604651,5,Crypturellus soui,Little Tinamou
121,XC221892 - Little Tinamou - Crypturellus soui.mp3,13.6046511627907,5,Crypturellus soui,Little Tinamou
122,XC221892 - Little Tinamou - Crypturellus soui.mp3,16.1046511627907,5,Crypturellus soui,Little Tinamou
123,XC221892 - Little Tinamou - Crypturellus soui.mp3,23.953488372093023,5,Crypturellus soui,Little Tinamou
124,XC221892 - Little Tinamou - Crypturellus soui.mp3,21.0,5,Crypturellus soui,Little Tinamou
125,XC221892 - Little Tinamou - Crypturellus soui.mp3,23.5,5,Crypturellus soui,Little Tinamou
126,XC221892 - Little Tinamou - Crypturellus soui.mp3,32.13953488372093,5,Crypturellus soui,Little Tinamou
127,XC221892 - Little Tinamou - Crypturellus soui.mp3,29.0,5,Crypturellus soui,Little Tinamou
128,XC221892 - Little Tinamou - Crypturellus soui.mp3,31.5,5,Crypturellus soui,Little Tinamou
129,XC221892 - Little Tinamou - Crypturellus soui.mp3,42.69767441860465,5,Crypturellus soui,Little Tinamou
130,XC221892 - Little Tinamou - Crypturellus soui.mp3,39.76744186046512,5,Crypturellus soui,Little Tinamou
131,XC221892 - Little Tinamou - Crypturellus soui.mp3,42.26744186046512,5,Crypturellus soui,Little Tinamou
132,XC221892 - Little Tinamou - Crypturellus soui.mp3,45.34883720930232,5,Crypturellus soui,Little Tinamou
133,XC221892 - Little Tinamou - Crypturellus soui.mp3,40.90697674418604,5,Crypturellus soui,Little Tinamou
134,XC221892 - Little Tinamou - Crypturellus soui.mp3,43.40697674418604,5,Crypturellus soui,Little Tinamou
135,XC221892 - Little Tinamou - Crypturellus soui.mp3,49.97674418604651,5,Crypturellus soui,Little Tinamou
136,XC221892 - Little Tinamou - Crypturellus soui.mp3,45.74418604651163,5,Crypturellus soui,Little Tinamou
137,XC221892 - Little Tinamou - Crypturellus soui.mp3,48.24418604651163,5,Crypturellus soui,Little Tinamou
138,XC221892 - Little Tinamou - Crypturellus soui.mp3,51.97674418604651,5,Crypturellus soui,Little Tinamou
139,XC221892 - Little Tinamou - Crypturellus soui.mp3,49.0,5,Crypturellus soui,Little Tinamou
140,XC221892 - Little Tinamou - Crypturellus soui.mp3,51.5,5,Crypturellus soui,Little Tinamou
141,XC221892 - Little Tinamou - Crypturellus soui.mp3,55.325581395348834,5,Crypturellus soui,Little Tinamou
142,XC221892 - Little Tinamou - Crypturellus soui.mp3,51.76744186046512,5,Crypturellus soui,Little Tinamou
143,XC221892 - Little Tinamou - Crypturellus soui.mp3,54.26744186046512,5,Crypturellus soui,Little Tinamou
144,XC221892 - Little Tinamou - Crypturellus soui.mp3,60.325581395348834,5,Crypturellus soui,Little Tinamou
145,XC221892 - Little Tinamou - Crypturellus soui.mp3,57.0,5,Crypturellus soui,Little Tinamou
146,XC221892 - Little Tinamou - Crypturellus soui.mp3,59.5,5,Crypturellus soui,Little Tinamou
147,XC221892 - Little Tinamou - Crypturellus soui.mp3,63.13953488372093,5,Crypturellus soui,Little Tinamou
148,XC221892 - Little Tinamou - Crypturellus soui.mp3,58.906976744186046,5,Crypturellus soui,Little Tinamou
149,XC221892 - Little Tinamou - Crypturellus soui.mp3,61.406976744186046,5,Crypturellus soui,Little Tinamou
150,XC221892 - Little Tinamou - Crypturellus soui.mp3,64.95348837209302,5,Crypturellus soui,Little Tinamou
151,XC221892 - Little Tinamou - Crypturellus soui.mp3,60.90697674418605,5,Crypturellus soui,Little Tinamou
152,XC221892 - Little Tinamou - Crypturellus soui.mp3,63.40697674418605,5,Crypturellus soui,Little Tinamou
153,XC221892 - Little Tinamou - Crypturellus soui.mp3,68.6046511627907,5,Crypturellus soui,Little Tinamou
154,XC221892 - Little Tinamou - Crypturellus soui.mp3,65.04651162790698,5,Crypturellus soui,Little Tinamou
155,XC221892 - Little Tinamou - Crypturellus soui.mp3,67.54651162790698,5,Crypturellus soui,Little Tinamou
156,XC221892 - Little Tinamou - Crypturellus soui.mp3,68.74418604651163,5,Crypturellus soui,Little Tinamou
157,XC271057 - Southern Mealy Amazon - Amazona farinosa.mp3,0.0232558139534883,5,Amazona farinosa,Mealy Parrot
158,XC271057 - Southern Mealy Amazon - Amazona farinosa.mp3,2.3720930232558137,5,Amazona farinosa,Mealy Parrot
159,XC271057 - Southern Mealy Amazon - Amazona farinosa.mp3,0.6162790697674421,5,Amazona farinosa,Mealy Parrot
160,XC271057 - Southern Mealy Amazon - Amazona farinosa.mp3,3.302325581395349,5,Amazona farinosa,Mealy Parrot
161,XC271057 - Southern Mealy Amazon - Amazona farinosa.mp3,1.2906976744186047,5,Amazona farinosa,Mealy Parrot
162,XC271057 - Southern Mealy Amazon - Amazona farinosa.mp3,4.023255813953488,5,Amazona farinosa,Mealy Parrot
163,XC271057 - Southern Mealy Amazon - Amazona farinosa.mp3,3.0,5,Amazona farinosa,Mealy Parrot
164,XC271057 - Southern Mealy Amazon - Amazona farinosa.mp3,5.5,5,Amazona farinosa,Mealy Parrot
165,XC271057 - Southern Mealy Amazon - Amazona farinosa.mp3,8.186046511627907,5,Amazona farinosa,Mealy Parrot
166,XC271057 - Southern Mealy Amazon - Amazona farinosa.mp3,5.534883720930232,5,Amazona farinosa,Mealy Parrot
167,XC271057 - Southern Mealy Amazon - Amazona farinosa.mp3,8.034883720930232,5,Amazona farinosa,Mealy Parrot
168,XC271057 - Southern Mealy Amazon - Amazona farinosa.mp3,10.744186046511627,5,Amazona farinosa,Mealy Parrot
169,XC271057 - Southern Mealy Amazon - Amazona farinosa.mp3,10.488372093023257,5,Amazona farinosa,Mealy Parrot
170,XC271057 - Southern Mealy Amazon - Amazona farinosa.mp3,12.988372093023257,5,Amazona farinosa,Mealy Parrot
171,XC271057 - Southern Mealy Amazon - Amazona farinosa.mp3,15.55813953488372,5,Amazona farinosa,Mealy Parrot
172,XC271057 - Southern Mealy Amazon - Amazona farinosa.mp3,12.465116279069768,5,Amazona farinosa,Mealy Parrot
173,XC271057 - Southern Mealy Amazon - Amazona farinosa.mp3,14.965116279069768,5,Amazona farinosa,Mealy Parrot
174,XC271057 - Southern Mealy Amazon - Amazona farinosa.mp3,17.697674418604652,5,Amazona farinosa,Mealy Parrot
175,XC271057 - Southern Mealy Amazon - Amazona farinosa.mp3,20.19767441860465,5,Amazona farinosa,Mealy Parrot
176,XC275233 - Southern Mealy Amazon - Amazona farinosa inornata.mp3,1.1395348837209305,5,Amazona farinosa,Mealy Parrot
177,XC275233 - Southern Mealy Amazon - Amazona farinosa inornata.mp3,1.2906976744186052,5,Amazona farinosa,Mealy Parrot
178,XC275233 - Southern Mealy Amazon - Amazona farinosa inornata.mp3,3.976744186046512,5,Amazona farinosa,Mealy Parrot
179,XC275233 - Southern Mealy Amazon - Amazona farinosa inornata.mp3,6.476744186046512,5,Amazona farinosa,Mealy Parrot
180,XC275233 - Southern Mealy Amazon - Amazona farinosa inornata.mp3,8.976744186046512,5,Amazona farinosa,Mealy Parrot
181,XC275233 - Southern Mealy Amazon - Amazona farinosa inornata.mp3,11.476744186046512,5,Amazona farinosa,Mealy Parrot
182,XC275233 - Southern Mealy Amazon - Amazona farinosa inornata.mp3,13.976744186046512,5,Amazona farinosa,Mealy Parrot
183,XC275233 - Southern Mealy Amazon - Amazona farinosa inornata.mp3,16.476744186046513,5,Amazona farinosa,Mealy Parrot
184,XC275233 - Southern Mealy Amazon - Amazona farinosa inornata.mp3,18.97674418604652,5,Amazona farinosa,Mealy Parrot
185,XC275233 - Southern Mealy Amazon - Amazona farinosa inornata.mp3,21.47674418604652,5,Amazona farinosa,Mealy Parrot
186,XC275233 - Southern Mealy Amazon - Amazona farinosa inornata.mp3,23.97674418604652,5,Amazona farinosa,Mealy Parrot
187,XC275233 - Southern Mealy Amazon - Amazona farinosa inornata.mp3,26.47674418604652,5,Amazona farinosa,Mealy Parrot
188,XC275233 - Southern Mealy Amazon - Amazona farinosa inornata.mp3,28.97674418604652,5,Amazona farinosa,Mealy Parrot
189,XC275233 - Southern Mealy Amazon - Amazona farinosa inornata.mp3,36.46511627906977,5,Amazona farinosa,Mealy Parrot
190,XC275233 - Southern Mealy Amazon - Amazona farinosa inornata.mp3,33.25581395348837,5,Amazona farinosa,Mealy Parrot
191,XC275233 - Southern Mealy Amazon - Amazona farinosa inornata.mp3,35.75581395348837,5,Amazona farinosa,Mealy Parrot
192,XC275734 - Grey-cowled Wood Rail - Aramides cajaneus cajaneus.mp3,1.1860465116279069,5,Aramides cajaneus,Gray-cowled Wood-Rail
193,XC275734 - Grey-cowled Wood Rail - Aramides cajaneus cajaneus.mp3,1.837209302325581,5,Aramides cajaneus,Gray-cowled Wood-Rail
194,XC275734 - Grey-cowled Wood Rail - Aramides cajaneus cajaneus.mp3,7.395348837209302,5,Aramides cajaneus,Gray-cowled Wood-Rail
195,XC275734 - Grey-cowled Wood Rail - Aramides cajaneus cajaneus.mp3,3.0,5,Aramides cajaneus,Gray-cowled Wood-Rail
196,XC275734 - Grey-cowled Wood Rail - Aramides cajaneus cajaneus.mp3,5.5,5,Aramides cajaneus,Gray-cowled Wood-Rail
197,XC275734 - Grey-cowled Wood Rail - Aramides cajaneus cajaneus.mp3,8.13953488372093,5,Aramides cajaneus,Gray-cowled Wood-Rail
198,XC275734 - Grey-cowled Wood Rail - Aramides cajaneus cajaneus.mp3,14.116279069767442,5,Aramides cajaneus,Gray-cowled Wood-Rail
199,XC275734 - Grey-cowled Wood Rail - Aramides cajaneus cajaneus.mp3,16.616279069767444,5,Aramides cajaneus,Gray-cowled Wood-Rail
200,XC275734 - Grey-cowled Wood Rail - Aramides cajaneus cajaneus.mp3,22.09302325581396,5,Aramides cajaneus,Gray-cowled Wood-Rail
201,XC275734 - Grey-cowled Wood Rail - Aramides cajaneus cajaneus.mp3,18.06976744186047,5,Aramides cajaneus,Gray-cowled Wood-Rail
202,XC275734 - Grey-cowled Wood Rail - Aramides cajaneus cajaneus.mp3,20.56976744186047,5,Aramides cajaneus,Gray-cowled Wood-Rail
203,XC275734 - Grey-cowled Wood Rail - Aramides cajaneus cajaneus.mp3,23.09302325581396,5,Aramides cajaneus,Gray-cowled Wood-Rail
204,XC275734 - Grey-cowled Wood Rail - Aramides cajaneus cajaneus.mp3,18.511627906976752,5,Aramides cajaneus,Gray-cowled Wood-Rail
205,XC275734 - Grey-cowled Wood Rail - Aramides cajaneus cajaneus.mp3,21.011627906976752,5,Aramides cajaneus,Gray-cowled Wood-Rail
206,XC275734 - Grey-cowled Wood Rail - Aramides cajaneus cajaneus.mp3,23.53488372093023,5,Aramides cajaneus,Gray-cowled Wood-Rail
207,XC275734 - Grey-cowled Wood Rail - Aramides cajaneus cajaneus.mp3,21.162790697674417,5,Aramides cajaneus,Gray-cowled Wood-Rail
208,XC275734 - Grey-cowled Wood Rail - Aramides cajaneus cajaneus.mp3,23.662790697674417,5,Aramides cajaneus,Gray-cowled Wood-Rail
209,XC275734 - Grey-cowled Wood Rail - Aramides cajaneus cajaneus.mp3,26.53488372093023,5,Aramides cajaneus,Gray-cowled Wood-Rail
210,XC275734 - Grey-cowled Wood Rail - Aramides cajaneus cajaneus.mp3,22.53488372093023,5,Aramides cajaneus,Gray-cowled Wood-Rail
211,XC275734 - Grey-cowled Wood Rail - Aramides cajaneus cajaneus.mp3,25.03488372093023,5,Aramides cajaneus,Gray-cowled Wood-Rail
212,XC275734 - Grey-cowled Wood Rail - Aramides cajaneus cajaneus.mp3,28.32558139534884,5,Aramides cajaneus,Gray-cowled Wood-Rail
213,XC275734 - Grey-cowled Wood Rail - Aramides cajaneus cajaneus.mp3,23.97674418604652,5,Aramides cajaneus,Gray-cowled Wood-Rail
214,XC275734 - Grey-cowled Wood Rail - Aramides cajaneus cajaneus.mp3,26.47674418604652,5,Aramides cajaneus,Gray-cowled Wood-Rail
215,XC275734 - Grey-cowled Wood Rail - Aramides cajaneus cajaneus.mp3,29.162790697674417,5,Aramides cajaneus,Gray-cowled Wood-Rail
216,XC275734 - Grey-cowled Wood Rail - Aramides cajaneus cajaneus.mp3,25.0,5,Aramides cajaneus,Gray-cowled Wood-Rail
217,XC275734 - Grey-cowled Wood Rail - Aramides cajaneus cajaneus.mp3,27.5,5,Aramides cajaneus,Gray-cowled Wood-Rail
218,XC275734 - Grey-cowled Wood Rail - Aramides cajaneus cajaneus.mp3,30.0,5,Aramides cajaneus,Gray-cowled Wood-Rail
219,XC275734 - Grey-cowled Wood Rail - Aramides cajaneus cajaneus.mp3,25.813953488372093,5,Aramides cajaneus,Gray-cowled Wood-Rail
220,XC275734 - Grey-cowled Wood Rail - Aramides cajaneus cajaneus.mp3,28.313953488372093,5,Aramides cajaneus,Gray-cowled Wood-Rail
221,XC275734 - Grey-cowled Wood Rail - Aramides cajaneus cajaneus.mp3,27.0,5,Aramides cajaneus,Gray-cowled Wood-Rail
222,XC275734 - Grey-cowled Wood Rail - Aramides cajaneus cajaneus.mp3,29.5,5,Aramides cajaneus,Gray-cowled Wood-Rail
223,XC275734 - Grey-cowled Wood Rail - Aramides cajaneus cajaneus.mp3,27.76744186046512,5,Aramides cajaneus,Gray-cowled Wood-Rail
224,XC275734 - Grey-cowled Wood Rail - Aramides cajaneus cajaneus.mp3,30.26744186046512,5,Aramides cajaneus,Gray-cowled Wood-Rail
225,XC275734 - Grey-cowled Wood Rail - Aramides cajaneus cajaneus.mp3,30.46511627906977,5,Aramides cajaneus,Gray-cowled Wood-Rail
226,XC427268 - Little Tinamou - Crypturellus soui.mp3,0.7674418604651163,5,Crypturellus soui,Little Tinamou
227,XC427268 - Little Tinamou - Crypturellus soui.mp3,0.4534883720930232,5,Crypturellus soui,Little Tinamou
228,XC427268 - Little Tinamou - Crypturellus soui.mp3,3.976744186046512,5,Crypturellus soui,Little Tinamou
229,XC427268 - Little Tinamou - Crypturellus soui.mp3,2.4069767441860463,5,Crypturellus soui,Little Tinamou
230,XC427268 - Little Tinamou - Crypturellus soui.mp3,6.5813953488372094,5,Crypturellus soui,Little Tinamou
231,XC427268 - Little Tinamou - Crypturellus soui.mp3,3.0,5,Crypturellus soui,Little Tinamou
232,XC427268 - Little Tinamou - Crypturellus soui.mp3,5.5,5,Crypturellus soui,Little Tinamou
233,XC427268 - Little Tinamou - Crypturellus soui.mp3,9.86046511627907,5,Crypturellus soui,Little Tinamou
234,XC427268 - Little Tinamou - Crypturellus soui.mp3,6.976744186046512,5,Crypturellus soui,Little Tinamou
235,XC427268 - Little Tinamou - Crypturellus soui.mp3,9.476744186046512,5,Crypturellus soui,Little Tinamou
236,XC427268 - Little Tinamou - Crypturellus soui.mp3,13.0,5,Crypturellus soui,Little Tinamou
237,XC427268 - Little Tinamou - Crypturellus soui.mp3,9.0,5,Crypturellus soui,Little Tinamou
238,XC427268 - Little Tinamou - Crypturellus soui.mp3,11.5,5,Crypturellus soui,Little Tinamou
239,XC427268 - Little Tinamou - Crypturellus soui.mp3,15.16279069767442,5,Crypturellus soui,Little Tinamou
240,XC427268 - Little Tinamou - Crypturellus soui.mp3,11.0,5,Crypturellus soui,Little Tinamou
241,XC427268 - Little Tinamou - Crypturellus soui.mp3,13.5,5,Crypturellus soui,Little Tinamou
242,XC427268 - Little Tinamou - Crypturellus soui.mp3,16.558139534883722,5,Crypturellus soui,Little Tinamou
243,XC427268 - Little Tinamou - Crypturellus soui.mp3,12.325581395348838,5,Crypturellus soui,Little Tinamou
244,XC427268 - Little Tinamou - Crypturellus soui.mp3,14.825581395348838,5,Crypturellus soui,Little Tinamou
245,XC427268 - Little Tinamou - Crypturellus soui.mp3,17.53488372093023,5,Crypturellus soui,Little Tinamou
246,XC427268 - Little Tinamou - Crypturellus soui.mp3,13.0,5,Crypturellus soui,Little Tinamou
247,XC427268 - Little Tinamou - Crypturellus soui.mp3,15.5,5,Crypturellus soui,Little Tinamou
248,XC427268 - Little Tinamou - Crypturellus soui.mp3,19.97674418604651,5,Crypturellus soui,Little Tinamou
249,XC427268 - Little Tinamou - Crypturellus soui.mp3,16.511627906976745,5,Crypturellus soui,Little Tinamou
250,XC427268 - Little Tinamou - Crypturellus soui.mp3,19.011627906976745,5,Crypturellus soui,Little Tinamou
251,XC427268 - Little Tinamou - Crypturellus soui.mp3,23.32558139534884,5,Crypturellus soui,Little Tinamou
252,XC427268 - Little Tinamou - Crypturellus soui.mp3,18.76744186046512,5,Crypturellus soui,Little Tinamou
253,XC427268 - Little Tinamou - Crypturellus soui.mp3,21.26744186046512,5,Crypturellus soui,Little Tinamou
254,XC427268 - Little Tinamou - Crypturellus soui.mp3,23.97674418604651,5,Crypturellus soui,Little Tinamou
255,XC427268 - Little Tinamou - Crypturellus soui.mp3,21.55813953488372,5,Crypturellus soui,Little Tinamou
256,XC427268 - Little Tinamou - Crypturellus soui.mp3,24.05813953488372,5,Crypturellus soui,Little Tinamou
257,XC427268 - Little Tinamou - Crypturellus soui.mp3,27.97674418604651,5,Crypturellus soui,Little Tinamou
258,XC427268 - Little Tinamou - Crypturellus soui.mp3,23.48837209302325,5,Crypturellus soui,Little Tinamou
259,XC427268 - Little Tinamou - Crypturellus soui.mp3,25.98837209302325,5,Crypturellus soui,Little Tinamou
260,XC427268 - Little Tinamou - Crypturellus soui.mp3,30.3953488372093,5,Crypturellus soui,Little Tinamou
261,XC427268 - Little Tinamou - Crypturellus soui.mp3,26.069767441860463,5,Crypturellus soui,Little Tinamou
262,XC427268 - Little Tinamou - Crypturellus soui.mp3,28.569767441860463,5,Crypturellus soui,Little Tinamou
263,XC427268 - Little Tinamou - Crypturellus soui.mp3,41.86046511627907,5,Crypturellus soui,Little Tinamou
264,XC427268 - Little Tinamou - Crypturellus soui.mp3,39.0,5,Crypturellus soui,Little Tinamou
265,XC427268 - Little Tinamou - Crypturellus soui.mp3,41.5,5,Crypturellus soui,Little Tinamou
266,XC427268 - Little Tinamou - Crypturellus soui.mp3,44.58139534883721,5,Crypturellus soui,Little Tinamou
267,XC427268 - Little Tinamou - Crypturellus soui.mp3,40.674418604651166,5,Crypturellus soui,Little Tinamou
268,XC427268 - Little Tinamou - Crypturellus soui.mp3,43.174418604651166,5,Crypturellus soui,Little Tinamou
269,XC427268 - Little Tinamou - Crypturellus soui.mp3,51.97674418604651,5,Crypturellus soui,Little Tinamou
270,XC427268 - Little Tinamou - Crypturellus soui.mp3,47.69767441860465,5,Crypturellus soui,Little Tinamou
271,XC427268 - Little Tinamou - Crypturellus soui.mp3,50.19767441860465,5,Crypturellus soui,Little Tinamou
272,XC427268 - Little Tinamou - Crypturellus soui.mp3,51.65116279069768,5,Crypturellus soui,Little Tinamou
273,XC484093 - Southern Mealy Amazon - Amazona farinosa.mp3,1.976744186046512,5,Amazona farinosa,Mealy Parrot
274,XC484093 - Southern Mealy Amazon - Amazona farinosa.mp3,0.8023255813953494,5,Amazona farinosa,Mealy Parrot
275,XC484093 - Southern Mealy Amazon - Amazona farinosa.mp3,6.837209302325581,5,Amazona farinosa,Mealy Parrot
276,XC484093 - Southern Mealy Amazon - Amazona farinosa.mp3,2.2558139534883725,5,Amazona farinosa,Mealy Parrot
277,XC484093 - Southern Mealy Amazon - Amazona farinosa.mp3,4.7558139534883725,5,Amazona farinosa,Mealy Parrot
278,XC484093 - Southern Mealy Amazon - Amazona farinosa.mp3,7.5813953488372094,5,Amazona farinosa,Mealy Parrot
279,XC484093 - Southern Mealy Amazon - Amazona farinosa.mp3,4.906976744186046,5,Amazona farinosa,Mealy Parrot
280,XC484093 - Southern Mealy Amazon - Amazona farinosa.mp3,7.406976744186046,5,Amazona farinosa,Mealy Parrot
281,XC484093 - Southern Mealy Amazon - Amazona farinosa.mp3,9.976744186046512,5,Amazona farinosa,Mealy Parrot
282,XC484093 - Southern Mealy Amazon - Amazona farinosa.mp3,7.55813953488372,5,Amazona farinosa,Mealy Parrot
283,XC484093 - Southern Mealy Amazon - Amazona farinosa.mp3,10.05813953488372,5,Amazona farinosa,Mealy Parrot
284,XC484093 - Southern Mealy Amazon - Amazona farinosa.mp3,15.976744186046512,5,Amazona farinosa,Mealy Parrot
285,XC484093 - Southern Mealy Amazon - Amazona farinosa.mp3,11.6046511627907,5,Amazona farinosa,Mealy Parrot
286,XC484093 - Southern Mealy Amazon - Amazona farinosa.mp3,14.1046511627907,5,Amazona farinosa,Mealy Parrot
287,XC484093 - Southern Mealy Amazon - Amazona farinosa.mp3,18.930232558139537,5,Amazona farinosa,Mealy Parrot
288,XC484093 - Southern Mealy Amazon - Amazona farinosa.mp3,15.0,5,Amazona farinosa,Mealy Parrot
289,XC484093 - Southern Mealy Amazon - Amazona farinosa.mp3,17.5,5,Amazona farinosa,Mealy Parrot
290,XC484093 - Southern Mealy Amazon - Amazona farinosa.mp3,20.302325581395348,5,Amazona farinosa,Mealy Parrot
291,XC484093 - Southern Mealy Amazon - Amazona farinosa.mp3,16.441860465116278,5,Amazona farinosa,Mealy Parrot
292,XC484093 - Southern Mealy Amazon - Amazona farinosa.mp3,18.94186046511628,5,Amazona farinosa,Mealy Parrot
293,XC484093 - Southern Mealy Amazon - Amazona farinosa.mp3,21.97674418604651,5,Amazona farinosa,Mealy Parrot
294,XC484093 - Southern Mealy Amazon - Amazona farinosa.mp3,24.47674418604651,5,Amazona farinosa,Mealy Parrot
295,XC484093 - Southern Mealy Amazon - Amazona farinosa.mp3,26.97674418604651,5,Amazona farinosa,Mealy Parrot
296,XC484093 - Southern Mealy Amazon - Amazona farinosa.mp3,33.97674418604651,5,Amazona farinosa,Mealy Parrot
297,XC484093 - Southern Mealy Amazon - Amazona farinosa.mp3,29.51162790697674,5,Amazona farinosa,Mealy Parrot
298,XC484093 - Southern Mealy Amazon - Amazona farinosa.mp3,32.01162790697674,5,Amazona farinosa,Mealy Parrot
299,XC525055 - Southern Mealy Amazon - Amazona farinosa.mp3,16.627906976744185,5,Amazona farinosa,Mealy Parrot
300,XC525055 - Southern Mealy Amazon - Amazona farinosa.mp3,12.372093023255816,5,Amazona farinosa,Mealy Parrot
301,XC525055 - Southern Mealy Amazon - Amazona farinosa.mp3,14.872093023255816,5,Amazona farinosa,Mealy Parrot
302,XC525055 - Southern Mealy Amazon - Amazona farinosa.mp3,17.41860465116279,5,Amazona farinosa,Mealy Parrot
303,XC525055 - Southern Mealy Amazon - Amazona farinosa.mp3,14.069767441860463,5,Amazona farinosa,Mealy Parrot
304,XC525055 - Southern Mealy Amazon - Amazona farinosa.mp3,16.569767441860463,5,Amazona farinosa,Mealy Parrot
305,XC525055 - Southern Mealy Amazon - Amazona farinosa.mp3,19.2093023255814,5,Amazona farinosa,Mealy Parrot
306,XC525055 - Southern Mealy Amazon - Amazona farinosa.mp3,14.906976744186052,5,Amazona farinosa,Mealy Parrot
307,XC525055 - Southern Mealy Amazon - Amazona farinosa.mp3,17.406976744186053,5,Amazona farinosa,Mealy Parrot
308,XC525055 - Southern Mealy Amazon - Amazona farinosa.mp3,19.97674418604651,5,Amazona farinosa,Mealy Parrot
309,XC525055 - Southern Mealy Amazon - Amazona farinosa.mp3,15.581395348837209,5,Amazona farinosa,Mealy Parrot
310,XC525055 - Southern Mealy Amazon - Amazona farinosa.mp3,18.08139534883721,5,Amazona farinosa,Mealy Parrot
311,XC525055 - Southern Mealy Amazon - Amazona farinosa.mp3,20.67441860465116,5,Amazona farinosa,Mealy Parrot
312,XC525055 - Southern Mealy Amazon - Amazona farinosa.mp3,16.302325581395344,5,Amazona farinosa,Mealy Parrot
313,XC525055 - Southern Mealy Amazon - Amazona farinosa.mp3,18.802325581395344,5,Amazona farinosa,Mealy Parrot
314,XC525055 - Southern Mealy Amazon - Amazona farinosa.mp3,21.511627906976745,5,Amazona farinosa,Mealy Parrot
315,XC525055 - Southern Mealy Amazon - Amazona farinosa.mp3,17.627906976744185,5,Amazona farinosa,Mealy Parrot
316,XC525055 - Southern Mealy Amazon - Amazona farinosa.mp3,20.127906976744185,5,Amazona farinosa,Mealy Parrot
317,XC525055 - Southern Mealy Amazon - Amazona farinosa.mp3,22.72093023255814,5,Amazona farinosa,Mealy Parrot
318,XC525055 - Southern Mealy Amazon - Amazona farinosa.mp3,21.906976744186046,5,Amazona farinosa,Mealy Parrot
319,XC525055 - Southern Mealy Amazon - Amazona farinosa.mp3,24.406976744186046,5,Amazona farinosa,Mealy Parrot
320,XC525055 - Southern Mealy Amazon - Amazona farinosa.mp3,27.41860465116279,5,Amazona farinosa,Mealy Parrot
321,XC525055 - Southern Mealy Amazon - Amazona farinosa.mp3,23.0,5,Amazona farinosa,Mealy Parrot
322,XC525055 - Southern Mealy Amazon - Amazona farinosa.mp3,25.5,5,Amazona farinosa,Mealy Parrot
323,XC525055 - Southern Mealy Amazon - Amazona farinosa.mp3,28.11627906976744,5,Amazona farinosa,Mealy Parrot
324,XC525055 - Southern Mealy Amazon - Amazona farinosa.mp3,27.418604651162788,5,Amazona farinosa,Mealy Parrot
325,XC525055 - Southern Mealy Amazon - Amazona farinosa.mp3,29.918604651162788,5,Amazona farinosa,Mealy Parrot
326,XC525055 - Southern Mealy Amazon - Amazona farinosa.mp3,48.04651162790697,5,Amazona farinosa,Mealy Parrot
327,XC525055 - Southern Mealy Amazon - Amazona farinosa.mp3,45.0,5,Amazona farinosa,Mealy Parrot
328,XC525055 - Southern Mealy Amazon - Amazona farinosa.mp3,47.5,5,Amazona farinosa,Mealy Parrot
329,XC558002 - Grey-cowled Wood Rail - Aramides cajaneus.mp3,1.976744186046512,5,Aramides cajaneus,Gray-cowled Wood-Rail
330,XC558002 - Grey-cowled Wood Rail - Aramides cajaneus.mp3,1.5697674418604652,5,Aramides cajaneus,Gray-cowled Wood-Rail
331,XC558002 - Grey-cowled Wood Rail - Aramides cajaneus.mp3,4.162790697674419,5,Aramides cajaneus,Gray-cowled Wood-Rail
332,XC558002 - Grey-cowled Wood Rail - Aramides cajaneus.mp3,0.1627906976744189,5,Aramides cajaneus,Gray-cowled Wood-Rail
333,XC558002 - Grey-cowled Wood Rail - Aramides cajaneus.mp3,2.662790697674419,5,Aramides cajaneus,Gray-cowled Wood-Rail
334,XC558002 - Grey-cowled Wood Rail - Aramides cajaneus.mp3,9.30232558139535,5,Aramides cajaneus,Gray-cowled Wood-Rail
335,XC558002 - Grey-cowled Wood Rail - Aramides cajaneus.mp3,5.0,5,Aramides cajaneus,Gray-cowled Wood-Rail
336,XC558002 - Grey-cowled Wood Rail - Aramides cajaneus.mp3,7.5,5,Aramides cajaneus,Gray-cowled Wood-Rail
337,XC558002 - Grey-cowled Wood Rail - Aramides cajaneus.mp3,10.186046511627907,5,Aramides cajaneus,Gray-cowled Wood-Rail
338,XC558002 - Grey-cowled Wood Rail - Aramides cajaneus.mp3,6.976744186046512,5,Aramides cajaneus,Gray-cowled Wood-Rail
339,XC558002 - Grey-cowled Wood Rail - Aramides cajaneus.mp3,9.476744186046512,5,Aramides cajaneus,Gray-cowled Wood-Rail
340,XC558002 - Grey-cowled Wood Rail - Aramides cajaneus.mp3,11.976744186046512,5,Aramides cajaneus,Gray-cowled Wood-Rail
341,XC558002 - Grey-cowled Wood Rail - Aramides cajaneus.mp3,8.255813953488373,5,Aramides cajaneus,Gray-cowled Wood-Rail
342,XC558002 - Grey-cowled Wood Rail - Aramides cajaneus.mp3,10.755813953488373,5,Aramides cajaneus,Gray-cowled Wood-Rail
343,XC558002 - Grey-cowled Wood Rail - Aramides cajaneus.mp3,16.232558139534884,5,Aramides cajaneus,Gray-cowled Wood-Rail
344,XC558002 - Grey-cowled Wood Rail - Aramides cajaneus.mp3,11.97674418604651,5,Aramides cajaneus,Gray-cowled Wood-Rail
345,XC558002 - Grey-cowled Wood Rail - Aramides cajaneus.mp3,14.47674418604651,5,Aramides cajaneus,Gray-cowled Wood-Rail
346,XC558002 - Grey-cowled Wood Rail - Aramides cajaneus.mp3,17.46511627906977,5,Aramides cajaneus,Gray-cowled Wood-Rail
347,XC558002 - Grey-cowled Wood Rail - Aramides cajaneus.mp3,12.906976744186046,5,Aramides cajaneus,Gray-cowled Wood-Rail
348,XC558002 - Grey-cowled Wood Rail - Aramides cajaneus.mp3,15.406976744186046,5,Aramides cajaneus,Gray-cowled Wood-Rail
349,XC558002 - Grey-cowled Wood Rail - Aramides cajaneus.mp3,17.97674418604651,5,Aramides cajaneus,Gray-cowled Wood-Rail
350,XC558002 - Grey-cowled Wood Rail - Aramides cajaneus.mp3,23.97674418604651,5,Aramides cajaneus,Gray-cowled Wood-Rail
351,XC558002 - Grey-cowled Wood Rail - Aramides cajaneus.mp3,19.44186046511628,5,Aramides cajaneus,Gray-cowled Wood-Rail
352,XC558002 - Grey-cowled Wood Rail - Aramides cajaneus.mp3,21.94186046511628,5,Aramides cajaneus,Gray-cowled Wood-Rail
353,XC558002 - Grey-cowled Wood Rail - Aramides cajaneus.mp3,24.76744186046512,5,Aramides cajaneus,Gray-cowled Wood-Rail
354,XC558002 - Grey-cowled Wood Rail - Aramides cajaneus.mp3,21.000000000000004,5,Aramides cajaneus,Gray-cowled Wood-Rail
355,XC558002 - Grey-cowled Wood Rail - Aramides cajaneus.mp3,23.500000000000004,5,Aramides cajaneus,Gray-cowled Wood-Rail
356,XC558002 - Grey-cowled Wood Rail - Aramides cajaneus.mp3,26.37209302325581,5,Aramides cajaneus,Gray-cowled Wood-Rail
357,XC558002 - Grey-cowled Wood Rail - Aramides cajaneus.mp3,21.95348837209302,5,Aramides cajaneus,Gray-cowled Wood-Rail
358,XC558002 - Grey-cowled Wood Rail - Aramides cajaneus.mp3,24.45348837209302,5,Aramides cajaneus,Gray-cowled Wood-Rail
359,XC558002 - Grey-cowled Wood Rail - Aramides cajaneus.mp3,27.11627906976744,5,Aramides cajaneus,Gray-cowled Wood-Rail
360,XC558002 - Grey-cowled Wood Rail - Aramides cajaneus.mp3,22.69767441860465,5,Aramides cajaneus,Gray-cowled Wood-Rail
361,XC558002 - Grey-cowled Wood Rail - Aramides cajaneus.mp3,25.19767441860465,5,Aramides cajaneus,Gray-cowled Wood-Rail
362,XC558002 - Grey-cowled Wood Rail - Aramides cajaneus.mp3,28.232558139534884,5,Aramides cajaneus,Gray-cowled Wood-Rail
363,XC558002 - Grey-cowled Wood Rail - Aramides cajaneus.mp3,23.837209302325583,5,Aramides cajaneus,Gray-cowled Wood-Rail
364,XC558002 - Grey-cowled Wood Rail - Aramides cajaneus.mp3,26.337209302325583,5,Aramides cajaneus,Gray-cowled Wood-Rail
365,XC558002 - Grey-cowled Wood Rail - Aramides cajaneus.mp3,29.97674418604651,5,Aramides cajaneus,Gray-cowled Wood-Rail
366,XC558002 - Grey-cowled Wood Rail - Aramides cajaneus.mp3,26.88372093023256,5,Aramides cajaneus,Gray-cowled Wood-Rail
367,XC558002 - Grey-cowled Wood Rail - Aramides cajaneus.mp3,29.38372093023256,5,Aramides cajaneus,Gray-cowled Wood-Rail
368,XC558002 - Grey-cowled Wood Rail - Aramides cajaneus.mp3,32.0,5,Aramides cajaneus,Gray-cowled Wood-Rail
369,XC558002 - Grey-cowled Wood Rail - Aramides cajaneus.mp3,31.0,5,Aramides cajaneus,Gray-cowled Wood-Rail
370,XC558002 - Grey-cowled Wood Rail - Aramides cajaneus.mp3,33.5,5,Aramides cajaneus,Gray-cowled Wood-Rail
371,XC558002 - Grey-cowled Wood Rail - Aramides cajaneus.mp3,38.0,5,Aramides cajaneus,Gray-cowled Wood-Rail
372,XC558002 - Grey-cowled Wood Rail - Aramides cajaneus.mp3,33.674418604651166,5,Aramides cajaneus,Gray-cowled Wood-Rail
373,XC558002 - Grey-cowled Wood Rail - Aramides cajaneus.mp3,36.174418604651166,5,Aramides cajaneus,Gray-cowled Wood-Rail
374,XC558002 - Grey-cowled Wood Rail - Aramides cajaneus.mp3,38.69767441860465,5,Aramides cajaneus,Gray-cowled Wood-Rail
375,XC558002 - Grey-cowled Wood Rail - Aramides cajaneus.mp3,34.27906976744186,5,Aramides cajaneus,Gray-cowled Wood-Rail
376,XC558002 - Grey-cowled Wood Rail - Aramides cajaneus.mp3,36.77906976744186,5,Aramides cajaneus,Gray-cowled Wood-Rail
377,XC558002 - Grey-cowled Wood Rail - Aramides cajaneus.mp3,39.27906976744186,5,Aramides cajaneus,Gray-cowled Wood-Rail
378,XC558002 - Grey-cowled Wood Rail - Aramides cajaneus.mp3,34.97674418604651,5,Aramides cajaneus,Gray-cowled Wood-Rail
379,XC558002 - Grey-cowled Wood Rail - Aramides cajaneus.mp3,37.47674418604651,5,Aramides cajaneus,Gray-cowled Wood-Rail
380,XC558002 - Grey-cowled Wood Rail - Aramides cajaneus.mp3,40.72093023255814,5,Aramides cajaneus,Gray-cowled Wood-Rail
381,XC558002 - Grey-cowled Wood Rail - Aramides cajaneus.mp3,39.0,5,Aramides cajaneus,Gray-cowled Wood-Rail
382,XC558002 - Grey-cowled Wood Rail - Aramides cajaneus.mp3,41.5,5,Aramides cajaneus,Gray-cowled Wood-Rail
383,XC558002 - Grey-cowled Wood Rail - Aramides cajaneus.mp3,44.81395348837209,5,Aramides cajaneus,Gray-cowled Wood-Rail
384,XC558002 - Grey-cowled Wood Rail - Aramides cajaneus.mp3,41.23255813953488,5,Aramides cajaneus,Gray-cowled Wood-Rail
385,XC558002 - Grey-cowled Wood Rail - Aramides cajaneus.mp3,43.73255813953488,5,Aramides cajaneus,Gray-cowled Wood-Rail
386,XC558002 - Grey-cowled Wood Rail - Aramides cajaneus.mp3,47.04651162790698,5,Aramides cajaneus,Gray-cowled Wood-Rail
387,XC558002 - Grey-cowled Wood Rail - Aramides cajaneus.mp3,42.97674418604651,5,Aramides cajaneus,Gray-cowled Wood-Rail
388,XC558002 - Grey-cowled Wood Rail - Aramides cajaneus.mp3,45.47674418604651,5,Aramides cajaneus,Gray-cowled Wood-Rail
389,XC558002 - Grey-cowled Wood Rail - Aramides cajaneus.mp3,48.86046511627907,5,Aramides cajaneus,Gray-cowled Wood-Rail
390,XC558002 - Grey-cowled Wood Rail - Aramides cajaneus.mp3,44.93023255813954,5,Aramides cajaneus,Gray-cowled Wood-Rail
391,XC558002 - Grey-cowled Wood Rail - Aramides cajaneus.mp3,47.43023255813954,5,Aramides cajaneus,Gray-cowled Wood-Rail
392,XC558002 - Grey-cowled Wood Rail - Aramides cajaneus.mp3,45.44186046511628,5,Aramides cajaneus,Gray-cowled Wood-Rail
393,XC558002 - Grey-cowled Wood Rail - Aramides cajaneus.mp3,47.94186046511628,5,Aramides cajaneus,Gray-cowled Wood-Rail
394,XC558002 - Grey-cowled Wood Rail - Aramides cajaneus.mp3,48.18604651162791,5,Aramides cajaneus,Gray-cowled Wood-Rail
395,XC639771 - Little Tinamou - Crypturellus soui.mp3,0.9302325581395348,5,Crypturellus soui,Little Tinamou
396,XC639771 - Little Tinamou - Crypturellus soui.mp3,0.4302325581395347,5,Crypturellus soui,Little Tinamou
397,XC639771 - Little Tinamou - Crypturellus soui.mp3,3.976744186046512,5,Crypturellus soui,Little Tinamou
398,XC639771 - Little Tinamou - Crypturellus soui.mp3,2.953488372093024,5,Crypturellus soui,Little Tinamou
399,XC639771 - Little Tinamou - Crypturellus soui.mp3,5.453488372093024,5,Crypturellus soui,Little Tinamou
400,XC639771 - Little Tinamou - Crypturellus soui.mp3,7.953488372093023,5,Crypturellus soui,Little Tinamou
401,XC639771 - Little Tinamou - Crypturellus soui.mp3,4.953488372093023,5,Crypturellus soui,Little Tinamou
402,XC639771 - Little Tinamou - Crypturellus soui.mp3,7.453488372093023,5,Crypturellus soui,Little Tinamou
403,XC639771 - Little Tinamou - Crypturellus soui.mp3,10.30232558139535,5,Crypturellus soui,Little Tinamou
404,XC639771 - Little Tinamou - Crypturellus soui.mp3,9.0,5,Crypturellus soui,Little Tinamou
405,XC668428 - Southern Mealy Amazon - Amazona farinosa.mp3,1.0232558139534884,5,Amazona farinosa,Mealy Parrot
406,XC668428 - Southern Mealy Amazon - Amazona farinosa.mp3,2.953488372093023,5,Amazona farinosa,Mealy Parrot
407,XC668428 - Southern Mealy Amazon - Amazona farinosa.mp3,1.244186046511628,5,Amazona farinosa,Mealy Parrot
408,XC668428 - Southern Mealy Amazon - Amazona farinosa.mp3,3.767441860465116,5,Amazona farinosa,Mealy Parrot
409,XC668428 - Southern Mealy Amazon - Amazona farinosa.mp3,1.0232558139534884,5,Amazona farinosa,Mealy Parrot
410,XC668428 - Southern Mealy Amazon - Amazona farinosa.mp3,3.5232558139534884,5,Amazona farinosa,Mealy Parrot
411,XC668428 - Southern Mealy Amazon - Amazona farinosa.mp3,6.348837209302325,5,Amazona farinosa,Mealy Parrot
412,XC668428 - Southern Mealy Amazon - Amazona farinosa.mp3,3.6279069767441854,5,Amazona farinosa,Mealy Parrot
413,XC668428 - Southern Mealy Amazon - Amazona farinosa.mp3,6.127906976744185,5,Amazona farinosa,Mealy Parrot
414,XC668428 - Southern Mealy Amazon - Amazona farinosa.mp3,8.837209302325581,5,Amazona farinosa,Mealy Parrot
415,XC668428 - Southern Mealy Amazon - Amazona farinosa.mp3,5.930232558139535,5,Amazona farinosa,Mealy Parrot
416,XC668428 - Southern Mealy Amazon - Amazona farinosa.mp3,8.430232558139535,5,Amazona farinosa,Mealy Parrot
417,XC668428 - Southern Mealy Amazon - Amazona farinosa.mp3,11.325581395348838,5,Amazona farinosa,Mealy Parrot
418,XC668428 - Southern Mealy Amazon - Amazona farinosa.mp3,7.0,5,Amazona farinosa,Mealy Parrot
419,XC668428 - Southern Mealy Amazon - Amazona farinosa.mp3,9.5,5,Amazona farinosa,Mealy Parrot
420,XC668428 - Southern Mealy Amazon - Amazona farinosa.mp3,8.488372093023257,5,Amazona farinosa,Mealy Parrot
421,XC668428 - Southern Mealy Amazon - Amazona farinosa.mp3,10.988372093023257,5,Amazona farinosa,Mealy Parrot
422,XC702440 - Grey-cowled Wood Rail - Aramides cajaneus.mp3,0.0232558139534883,5,Aramides cajaneus,Gray-cowled Wood-Rail
423,XC702440 - Grey-cowled Wood Rail - Aramides cajaneus.mp3,2.5232558139534884,5,Aramides cajaneus,Gray-cowled Wood-Rail
424,XC702440 - Grey-cowled Wood Rail - Aramides cajaneus.mp3,9.976744186046512,5,Aramides cajaneus,Gray-cowled Wood-Rail
425,XC702440 - Grey-cowled Wood Rail - Aramides cajaneus.mp3,6.976744186046512,5,Aramides cajaneus,Gray-cowled Wood-Rail
426,XC702440 - Grey-cowled Wood Rail - Aramides cajaneus.mp3,9.476744186046512,5,Aramides cajaneus,Gray-cowled Wood-Rail
427,XC702440 - Grey-cowled Wood Rail - Aramides cajaneus.mp3,11.976744186046512,5,Aramides cajaneus,Gray-cowled Wood-Rail
428,XC702440 - Grey-cowled Wood Rail - Aramides cajaneus.mp3,14.476744186046512,5,Aramides cajaneus,Gray-cowled Wood-Rail
429,XC702440 - Grey-cowled Wood Rail - Aramides cajaneus.mp3,16.97674418604651,5,Aramides cajaneus,Gray-cowled Wood-Rail
430,XC702440 - Grey-cowled Wood Rail - Aramides cajaneus.mp3,19.47674418604651,5,Aramides cajaneus,Gray-cowled Wood-Rail
431,XC702440 - Grey-cowled Wood Rail - Aramides cajaneus.mp3,25.97674418604651,5,Aramides cajaneus,Gray-cowled Wood-Rail
432,XC702440 - Grey-cowled Wood Rail - Aramides cajaneus.mp3,28.47674418604651,5,Aramides cajaneus,Gray-cowled Wood-Rail
433,XC702440 - Grey-cowled Wood Rail - Aramides cajaneus.mp3,30.97674418604651,5,Aramides cajaneus,Gray-cowled Wood-Rail
434,XC702440 - Grey-cowled Wood Rail - Aramides cajaneus.mp3,33.47674418604651,5,Aramides cajaneus,Gray-cowled Wood-Rail
435,XC84844 - Southern Mealy Amazon - Amazona farinosa.mp3,0.1395348837209302,5,Amazona farinosa,Mealy Parrot
436,XC84844 - Southern Mealy Amazon - Amazona farinosa.mp3,1.2325581395348837,5,Amazona farinosa,Mealy Parrot
437,XC84844 - Southern Mealy Amazon - Amazona farinosa.mp3,1.976744186046512,5,Amazona farinosa,Mealy Parrot
438,XC84844 - Southern Mealy Amazon - Amazona farinosa.mp3,0.6860465116279073,5,Amazona farinosa,Mealy Parrot
439,XC84844 - Southern Mealy Amazon - Amazona farinosa.mp3,3.581395348837209,5,Amazona farinosa,Mealy Parrot
440,XC84844 - Southern Mealy Amazon - Amazona farinosa.mp3,1.4999999999999996,5,Amazona farinosa,Mealy Parrot
441,XC84844 - Southern Mealy Amazon - Amazona farinosa.mp3,4.348837209302325,5,Amazona farinosa,Mealy Parrot
442,XC84844 - Southern Mealy Amazon - Amazona farinosa.mp3,1.0,5,Amazona farinosa,Mealy Parrot
443,XC84844 - Southern Mealy Amazon - Amazona farinosa.mp3,3.5,5,Amazona farinosa,Mealy Parrot
444,XC84844 - Southern Mealy Amazon - Amazona farinosa.mp3,6.720930232558139,5,Amazona farinosa,Mealy Parrot
445,XC84844 - Southern Mealy Amazon - Amazona farinosa.mp3,3.0,5,Amazona farinosa,Mealy Parrot
446,XC84844 - Southern Mealy Amazon - Amazona farinosa.mp3,5.5,5,Amazona farinosa,Mealy Parrot
447,XC84844 - Southern Mealy Amazon - Amazona farinosa.mp3,9.83720930232558,5,Amazona farinosa,Mealy Parrot
448,XC84844 - Southern Mealy Amazon - Amazona farinosa.mp3,8.999999999999998,5,Amazona farinosa,Mealy Parrot
449,XC84844 - Southern Mealy Amazon - Amazona farinosa.mp3,11.499999999999998,5,Amazona farinosa,Mealy Parrot
450,XC84844 - Southern Mealy Amazon - Amazona farinosa.mp3,16.046511627906977,5,Amazona farinosa,Mealy Parrot
451,XC84844 - Southern Mealy Amazon - Amazona farinosa.mp3,13.0,5,Amazona farinosa,Mealy Parrot
452,XC84844 - Southern Mealy Amazon - Amazona farinosa.mp3,15.5,5,Amazona farinosa,Mealy Parrot
453,XC84844 - Southern Mealy Amazon - Amazona farinosa.mp3,20.302325581395348,5,Amazona farinosa,Mealy Parrot
454,XC84844 - Southern Mealy Amazon - Amazona farinosa.mp3,15.86046511627907,5,Amazona farinosa,Mealy Parrot
455,XC84844 - Southern Mealy Amazon - Amazona farinosa.mp3,18.36046511627907,5,Amazona farinosa,Mealy Parrot
456,XC84844 - Southern Mealy Amazon - Amazona farinosa.mp3,21.13953488372093,5,Amazona farinosa,Mealy Parrot
457,XC84844 - Southern Mealy Amazon - Amazona farinosa.mp3,17.0,5,Amazona farinosa,Mealy Parrot
458,XC84844 - Southern Mealy Amazon - Amazona farinosa.mp3,19.5,5,Amazona farinosa,Mealy Parrot
459,XC84844 - Southern Mealy Amazon - Amazona farinosa.mp3,22.72093023255814,5,Amazona farinosa,Mealy Parrot
460,XC84844 - Southern Mealy Amazon - Amazona farinosa.mp3,18.32558139534884,5,Amazona farinosa,Mealy Parrot
461,XC84844 - Southern Mealy Amazon - Amazona farinosa.mp3,20.82558139534884,5,Amazona farinosa,Mealy Parrot
462,XC84844 - Southern Mealy Amazon - Amazona farinosa.mp3,23.44186046511628,5,Amazona farinosa,Mealy Parrot
463,XC84844 - Southern Mealy Amazon - Amazona farinosa.mp3,19.51162790697675,5,Amazona farinosa,Mealy Parrot
464,XC84844 - Southern Mealy Amazon - Amazona farinosa.mp3,22.01162790697675,5,Amazona farinosa,Mealy Parrot
465,XC84844 - Southern Mealy Amazon - Amazona farinosa.mp3,25.97674418604651,5,Amazona farinosa,Mealy Parrot
466,XC84844 - Southern Mealy Amazon - Amazona farinosa.mp3,23.0,5,Amazona farinosa,Mealy Parrot
467,XC84844 - Southern Mealy Amazon - Amazona farinosa.mp3,25.5,5,Amazona farinosa,Mealy Parrot
468,XC84844 - Southern Mealy Amazon - Amazona farinosa.mp3,29.906976744186046,5,Amazona farinosa,Mealy Parrot
469,XC84844 - Southern Mealy Amazon - Amazona farinosa.mp3,25.906976744186046,5,Amazona farinosa,Mealy Parrot
470,XC84844 - Southern Mealy Amazon - Amazona farinosa.mp3,28.406976744186046,5,Amazona farinosa,Mealy Parrot
471,XC84844 - Southern Mealy Amazon - Amazona farinosa.mp3,30.97674418604651,5,Amazona farinosa,Mealy Parrot
472,XC84844 - Southern Mealy Amazon - Amazona farinosa.mp3,27.0,5,Amazona farinosa,Mealy Parrot
473,XC84844 - Southern Mealy Amazon - Amazona farinosa.mp3,29.5,5,Amazona farinosa,Mealy Parrot
474,XC84844 - Southern Mealy Amazon - Amazona farinosa.mp3,33.0,5,Amazona farinosa,Mealy Parrot
475,XC84844 - Southern Mealy Amazon - Amazona farinosa.mp3,31.0,5,Amazona farinosa,Mealy Parrot
476,XC84844 - Southern Mealy Amazon - Amazona farinosa.mp3,33.5,5,Amazona farinosa,Mealy Parrot
477,XC84844 - Southern Mealy Amazon - Amazona farinosa.mp3,36.04651162790697,5,Amazona farinosa,Mealy Parrot
478,XC84844 - Southern Mealy Amazon - Amazona farinosa.mp3,32.116279069767444,5,Amazona farinosa,Mealy Parrot
479,XC84844 - Southern Mealy Amazon - Amazona farinosa.mp3,34.616279069767444,5,Amazona farinosa,Mealy Parrot
480,XC84844 - Southern Mealy Amazon - Amazona farinosa.mp3,37.2093023255814,5,Amazona farinosa,Mealy Parrot
481,XC84844 - Southern Mealy Amazon - Amazona farinosa.mp3,33.0,5,Amazona farinosa,Mealy Parrot
482,XC84844 - Southern Mealy Amazon - Amazona farinosa.mp3,35.5,5,Amazona farinosa,Mealy Parrot
483,XC84844 - Southern Mealy Amazon - Amazona farinosa.mp3,38.27906976744186,5,Amazona farinosa,Mealy Parrot
484,XC84844 - Southern Mealy Amazon - Amazona farinosa.mp3,36.30232558139535,5,Amazona farinosa,Mealy Parrot
485,XC84844 - Southern Mealy Amazon - Amazona farinosa.mp3,38.80232558139535,5,Amazona farinosa,Mealy Parrot
486,XC84844 - Southern Mealy Amazon - Amazona farinosa.mp3,41.97674418604651,5,Amazona farinosa,Mealy Parrot
487,XC84844 - Southern Mealy Amazon - Amazona farinosa.mp3,41.0,5,Amazona farinosa,Mealy Parrot
488,XC84844 - Southern Mealy Amazon - Amazona farinosa.mp3,43.5,5,Amazona farinosa,Mealy Parrot
489,XC84844 - Southern Mealy Amazon - Amazona farinosa.mp3,46.48837209302326,5,Amazona farinosa,Mealy Parrot
490,XC84844 - Southern Mealy Amazon - Amazona farinosa.mp3,43.0,5,Amazona farinosa,Mealy Parrot
491,XC84844 - Southern Mealy Amazon - Amazona farinosa.mp3,45.5,5,Amazona farinosa,Mealy Parrot
492,XC84844 - Southern Mealy Amazon - Amazona farinosa.mp3,49.97674418604651,5,Amazona farinosa,Mealy Parrot
493,XC84844 - Southern Mealy Amazon - Amazona farinosa.mp3,49.0,5,Amazona farinosa,Mealy Parrot
494,XC84844 - Southern Mealy Amazon - Amazona farinosa.mp3,51.5,5,Amazona farinosa,Mealy Parrot
495,XC84844 - Southern Mealy Amazon - Amazona farinosa.mp3,59.88372093023256,5,Amazona farinosa,Mealy Parrot
496,XC84844 - Southern Mealy Amazon - Amazona farinosa.mp3,56.00000000000001,5,Amazona farinosa,Mealy Parrot
497,XC84844 - Southern Mealy Amazon - Amazona farinosa.mp3,58.50000000000001,5,Amazona farinosa,Mealy Parrot
498,XC84844 - Southern Mealy Amazon - Amazona farinosa.mp3,63.0,5,Amazona farinosa,Mealy Parrot
499,XC84844 - Southern Mealy Amazon - Amazona farinosa.mp3,60.325581395348834,5,Amazona farinosa,Mealy Parrot
500,XC84844 - Southern Mealy Amazon - Amazona farinosa.mp3,62.825581395348834,5,Amazona farinosa,Mealy Parrot
501,XC84844 - Southern Mealy Amazon - Amazona farinosa.mp3,67.13953488372093,5,Amazona farinosa,Mealy Parrot
502,XC84844 - Southern Mealy Amazon - Amazona farinosa.mp3,65.67441860465117,5,Amazona farinosa,Mealy Parrot
503,XC84844 - Southern Mealy Amazon - Amazona farinosa.mp3,68.17441860465117,5,Amazona farinosa,Mealy Parrot
504,XC84844 - Southern Mealy Amazon - Amazona farinosa.mp3,71.97674418604652,5,Amazona farinosa,Mealy Parrot
505,XC84844 - Southern Mealy Amazon - Amazona farinosa.mp3,79.09302325581395,5,Amazona farinosa,Mealy Parrot
506,XC84844 - Southern Mealy Amazon - Amazona farinosa.mp3,76.32558139534883,5,Amazona farinosa,Mealy Parrot
507,XC84844 - Southern Mealy Amazon - Amazona farinosa.mp3,78.82558139534883,5,Amazona farinosa,Mealy Parrot
508,XC84844 - Southern Mealy Amazon - Amazona farinosa.mp3,82.67441860465117,5,Amazona farinosa,Mealy Parrot
509,XC84844 - Southern Mealy Amazon - Amazona farinosa.mp3,80.72093023255815,5,Amazona farinosa,Mealy Parrot
510,XC84844 - Southern Mealy Amazon - Amazona farinosa.mp3,83.22093023255815,5,Amazona farinosa,Mealy Parrot
511,XC84844 - Southern Mealy Amazon - Amazona farinosa.mp3,87.95348837209302,5,Amazona farinosa,Mealy Parrot
512,XC84844 - Southern Mealy Amazon - Amazona farinosa.mp3,86.46511627906976,5,Amazona farinosa,Mealy Parrot
513,XC84844 - Southern Mealy Amazon - Amazona farinosa.mp3,88.96511627906976,5,Amazona farinosa,Mealy Parrot
514,XC84844 - Southern Mealy Amazon - Amazona farinosa.mp3,91.46511627906976,5,Amazona farinosa,Mealy Parrot
515,XC84844 - Southern Mealy Amazon - Amazona farinosa.mp3,87.83720930232558,5,Amazona farinosa,Mealy Parrot
516,XC84844 - Southern Mealy Amazon - Amazona farinosa.mp3,90.33720930232558,5,Amazona farinosa,Mealy Parrot
517,XC84844 - Southern Mealy Amazon - Amazona farinosa.mp3,93.7906976744186,5,Amazona farinosa,Mealy Parrot
518,XC84844 - Southern Mealy Amazon - Amazona farinosa.mp3,91.0,5,Amazona farinosa,Mealy Parrot
519,XC84844 - Southern Mealy Amazon - Amazona farinosa.mp3,93.5,5,Amazona farinosa,Mealy Parrot
520,XC84844 - Southern Mealy Amazon - Amazona farinosa.mp3,94.32558139534883,5,Amazona farinosa,Mealy Parrot
521,XC85595 - Southern Mealy Amazon - Amazona farinosa.mp3,0.0465116279069767,5,Amazona farinosa,Mealy Parrot
522,XC85595 - Southern Mealy Amazon - Amazona farinosa.mp3,2.581395348837209,5,Amazona farinosa,Mealy Parrot
523,XC85595 - Southern Mealy Amazon - Amazona farinosa.mp3,0.5930232558139532,5,Amazona farinosa,Mealy Parrot
524,XC85595 - Southern Mealy Amazon - Amazona farinosa.mp3,3.162790697674419,5,Amazona farinosa,Mealy Parrot
525,XC85595 - Southern Mealy Amazon - Amazona farinosa.mp3,1.244186046511628,5,Amazona farinosa,Mealy Parrot
526,XC85595 - Southern Mealy Amazon - Amazona farinosa.mp3,3.976744186046512,5,Amazona farinosa,Mealy Parrot
527,XC85595 - Southern Mealy Amazon - Amazona farinosa.mp3,0.2790697674418609,5,Amazona farinosa,Mealy Parrot
528,XC85595 - Southern Mealy Amazon - Amazona farinosa.mp3,2.779069767441861,5,Amazona farinosa,Mealy Parrot
529,XC85595 - Southern Mealy Amazon - Amazona farinosa.mp3,2.604651162790698,5,Amazona farinosa,Mealy Parrot
530,XC85595 - Southern Mealy Amazon - Amazona farinosa.mp3,4.906976744186048,5,Amazona farinosa,Mealy Parrot
